{"cameraMode":{"drawMode":0,"name":"Shaded","section":"Shading Mode"},"sceneLighting":true,"audioPlay":false,"sceneViewState":{"m_AlwaysRefresh":false,"showFog":true,"showSkybox":true,"showFlares":true,"showImageEffects":true,"showParticleSystems":true,"showVisualEffectGraphs":true,"m_FxEnabled":true},"in2DMode":false,"pivot":{"x":1.3818473815917969,"y":-16.870088577270509,"z":-3.780290365219116},"rotation":{"x":-0.01230352371931076,"y":-0.8416666388511658,"z":0.5394813418388367,"w":-0.019199905917048456},"size":19.28028678894043,"orthographic":false}