{"cameraMode":{"drawMode":0,"name":"Shaded","section":"Shading Mode"},"sceneLighting":false,"audioPlay":false,"sceneViewState":{"m_AlwaysRefresh":false,"showFog":true,"showSkybox":false,"showFlares":true,"showImageEffects":true,"showParticleSystems":true,"showVisualEffectGraphs":true,"m_FxEnabled":true},"in2DMode":false,"pivot":{"x":-0.4300000071525574,"y":8.510000228881836,"z":1.4227055311203004},"rotation":{"x":0.2638389468193054,"y":-0.0005809233989566565,"z":0.0001584906567586586,"w":0.9645668864250183},"size":0.8660253882408142,"orthographic":false}